%	assembly	min_length	num_contigs	total_length
100.0	GMOREA0041-DNA	0.0	163447.0	375147256.0
100.0	GMOREA0041-DNA	100.0	163447.0	375147256.0
100.0	GMOREA0041-DNA	250.0	163447.0	375147256.0
97.06931349645804	GMOREA0041-DNA	500.0	139420.0	364152866.0
82.81510980850678	GMOREA0041-DNA	1000.0	62532.0	310678612.0
66.30285335207144	GMOREA0041-DNA	2500.0	21020.0	248733335.0
56.39140967087335	GMOREA0041-DNA	5000.0	10212.0	211550826.0
47.23603042960816	GMOREA0041-DNA	10000.0	5245.0	177204672.0
41.4987255031395	GMOREA0041-DNA	15000.0	3481.0	155681330.0
37.35016257189417	GMOREA0041-DNA	20000.0	2576.0	140118110.0
34.067159217072884	GMOREA0041-DNA	25000.0	2024.0	127802013.0
31.225001149948433	GMOREA0041-DNA	30000.0	1635.0	117139735.0
28.792599778472056	GMOREA0041-DNA	35000.0	1354.0	108014648.0
26.84910002380505	GMOREA0041-DNA	40000.0	1159.0	100723662.0
24.992236381971562	GMOREA0041-DNA	45000.0	995.0	93757689.0
23.26306366479194	GMOREA0041-DNA	50000.0	858.0	87270745.0
16.82915814796737	GMOREA0041-DNA	75000.0	463.0	63134125.0
12.820334476870062	GMOREA0041-DNA	100000.0	289.0	48095133.0
9.562979983518792	GMOREA0041-DNA	125000.0	179.0	35875257.0
7.239187696470848	GMOREA0041-DNA	150000.0	116.0	27157614.0
4.582645008071178	GMOREA0041-DNA	200000.0	58.0	17191667.0
2.739658583561651	GMOREA0041-DNA	250000.0	27.0	10277754.0
0.630686207125023	GMOREA0041-DNA	500000.0	4.0	2366002.0
100.0	GMOREA0044-DNA	0.0	126597.0	313400630.0
100.0	GMOREA0044-DNA	100.0	126597.0	313400630.0
100.0	GMOREA0044-DNA	250.0	126597.0	313400630.0
97.39542610364248	GMOREA0044-DNA	500.0	108730.0	305237879.0
84.63871403194052	GMOREA0044-DNA	1000.0	51304.0	265258263.0
68.8019309342167	GMOREA0044-DNA	2500.0	18442.0	215625685.0
58.37922342402438	GMOREA0044-DNA	5000.0	8945.0	182960854.0
48.72491226325869	GMOREA0044-DNA	10000.0	4577.0	152704182.0
43.16771730803477	GMOREA0044-DNA	15000.0	3151.0	135287898.0
38.58909345523651	GMOREA0044-DNA	20000.0	2318.0	120938462.0
35.086782690896314	GMOREA0044-DNA	25000.0	1825.0	109962198.0
32.32732429414708	GMOREA0044-DNA	30000.0	1510.0	101314038.0
29.557824437047238	GMOREA0044-DNA	35000.0	1244.0	92634408.0
27.19588885319088	GMOREA0044-DNA	40000.0	1046.0	85232087.0
24.919479900215897	GMOREA0044-DNA	45000.0	878.0	78097807.0
22.998072467180428	GMOREA0044-DNA	50000.0	751.0	72076104.0
15.869835360573461	GMOREA0044-DNA	75000.0	385.0	49736164.0
11.357426754375064	GMOREA0044-DNA	100000.0	221.0	35594247.0
8.482703432982888	GMOREA0044-DNA	125000.0	141.0	26584846.0
6.39857648020682	GMOREA0044-DNA	150000.0	93.0	20053179.0
3.560067189399077	GMOREA0044-DNA	200000.0	42.0	11157273.0
1.9013031339471143	GMOREA0044-DNA	250000.0	19.0	5958696.0
0.20357393665737045	GMOREA0044-DNA	500000.0	1.0	638002.0
100.0	GMOREA0048-DNA	0.0	38718.0	100968280.0
100.0	GMOREA0048-DNA	100.0	38718.0	100968280.0
100.0	GMOREA0048-DNA	250.0	38718.0	100968280.0
97.16493239262866	GMOREA0048-DNA	500.0	32472.0	98105761.0
84.83285443705687	GMOREA0048-DNA	1000.0	14427.0	85654274.0
70.59467686287219	GMOREA0048-DNA	2500.0	4883.0	71278231.0
62.320919995864045	GMOREA0048-DNA	5000.0	2427.0	62924361.0
55.595354303351506	GMOREA0048-DNA	10000.0	1449.0	56133673.0
50.94358346997691	GMOREA0048-DNA	15000.0	1065.0	51436860.0
47.19296594930606	GMOREA0048-DNA	20000.0	847.0	47649926.0
43.53662259077801	GMOREA0048-DNA	25000.0	683.0	43958179.0
40.62205179686135	GMOREA0048-DNA	30000.0	576.0	41015387.0
37.14658801754373	GMOREA0048-DNA	35000.0	468.0	37506271.0
34.82091207258359	GMOREA0048-DNA	40000.0	405.0	35158076.0
32.17484441648406	GMOREA0048-DNA	45000.0	342.0	32486387.0
29.951202496467204	GMOREA0048-DNA	50000.0	295.0	30241214.0
23.046476576604057	GMOREA0048-DNA	75000.0	179.0	23269631.0
17.434962742754458	GMOREA0048-DNA	100000.0	114.0	17603782.0
12.526070563943447	GMOREA0048-DNA	125000.0	68.0	12647358.0
9.552016732383676	GMOREA0048-DNA	150000.0	46.0	9644507.0
4.241300337095967	GMOREA0048-DNA	200000.0	15.0	4282368.0
2.2978117484025677	GMOREA0048-DNA	250000.0	6.0	2320061.0
100.0	GMOREA0050-DNA	0.0	59176.0	153874384.0
100.0	GMOREA0050-DNA	100.0	59176.0	153874384.0
100.0	GMOREA0050-DNA	250.0	59176.0	153874384.0
97.53276867707883	GMOREA0050-DNA	500.0	50868.0	150077947.0
85.73908247132285	GMOREA0050-DNA	1000.0	24789.0	131930485.0
70.23092810561633	GMOREA0050-DNA	2500.0	9093.0	108067408.0
59.70334672468941	GMOREA0050-DNA	5000.0	4383.0	91868157.0
49.585523604760624	GMOREA0050-DNA	10000.0	2156.0	76299419.0
43.95811846109486	GMOREA0050-DNA	15000.0	1443.0	67640284.0
39.77307879913267	GMOREA0050-DNA	20000.0	1068.0	61200580.0
36.41274105766688	GMOREA0050-DNA	25000.0	836.0	56029881.0
33.7267878193423	GMOREA0050-DNA	30000.0	685.0	51896887.0
31.729960979080186	GMOREA0050-DNA	35000.0	590.0	48824282.0
29.645077896786255	GMOREA0050-DNA	40000.0	504.0	45616181.0
27.939465869770764	GMOREA0050-DNA	45000.0	442.0	42991681.0
26.20912847976048	GMOREA0050-DNA	50000.0	386.0	40329135.0
19.560517623258203	GMOREA0050-DNA	75000.0	219.0	30098626.0
14.699191257201068	GMOREA0050-DNA	100000.0	132.0	22618290.0
11.741097855507904	GMOREA0050-DNA	125000.0	92.0	18066542.0
8.925796901971676	GMOREA0050-DNA	150000.0	60.0	13734515.0
5.626745514705034	GMOREA0050-DNA	200000.0	31.0	8658120.0
3.477337072556534	GMOREA0050-DNA	250000.0	16.0	5350731.0
0.32596068751768326	GMOREA0050-DNA	500000.0	1.0	501570.0
100.0	GMOREA0052-DNA	0.0	85095.0	246661645.0
100.0	GMOREA0052-DNA	100.0	85095.0	246661645.0
100.0	GMOREA0052-DNA	250.0	85095.0	246661645.0
97.4027518546712	GMOREA0052-DNA	500.0	71075.0	240255230.0
86.52668962780979	GMOREA0052-DNA	1000.0	32059.0	213428156.0
74.88159660980125	GMOREA0052-DNA	2500.0	12928.0	184704178.0
66.70172048840428	GMOREA0052-DNA	5000.0	7133.0	164527561.0
57.736391079367046	GMOREA0052-DNA	10000.0	3994.0	142413532.0
51.76101740503677	GMOREA0052-DNA	15000.0	2778.0	127674577.0
47.31013125287477	GMOREA0052-DNA	20000.0	2144.0	116695948.0
43.62904131284781	GMOREA0052-DNA	25000.0	1734.0	107616111.0
40.23555060617552	GMOREA0052-DNA	30000.0	1428.0	99245671.0
37.19859810389248	GMOREA0052-DNA	35000.0	1198.0	91754674.0
34.366702614020106	GMOREA0052-DNA	40000.0	1011.0	84769474.0
31.881609724933117	GMOREA0052-DNA	45000.0	867.0	78639703.0
29.58310766150935	GMOREA0052-DNA	50000.0	747.0	72970180.0
21.21655476675346	GMOREA0052-DNA	75000.0	405.0	52333103.0
15.335761666553388	GMOREA0052-DNA	100000.0	235.0	37827442.0
11.471121097891	GMOREA0052-DNA	125000.0	150.0	28294856.0
8.291185279332748	GMOREA0052-DNA	150000.0	92.0	20451174.0
4.838403230465766	GMOREA0052-DNA	200000.0	43.0	11934485.0
2.8412423017774002	GMOREA0052-DNA	250000.0	21.0	7008255.0
100.0	GMOREA0061-DNA	0.0	53579.0	168954721.0
100.0	GMOREA0061-DNA	100.0	53579.0	168954721.0
100.0	GMOREA0061-DNA	250.0	53579.0	168954721.0
97.79762235824117	GMOREA0061-DNA	500.0	45433.0	165233700.0
87.88125665929158	GMOREA0061-DNA	1000.0	21247.0	148479532.0
76.06124542681468	GMOREA0061-DNA	2500.0	7944.0	128509065.0
68.6219948834694	GMOREA0061-DNA	5000.0	4273.0	115940100.0
61.18097049208823	GMOREA0061-DNA	10000.0	2473.0	103368138.0
56.291103579165444	GMOREA0061-DNA	15000.0	1794.0	95106477.0
52.69789294612253	GMOREA0061-DNA	20000.0	1443.0	89035578.0
49.374120182175915	GMOREA0061-DNA	25000.0	1193.0	83419907.0
46.073234615326314	GMOREA0061-DNA	30000.0	990.0	77842905.0
43.38558612990755	GMOREA0061-DNA	35000.0	850.0	73301996.0
41.03119675478023	GMOREA0061-DNA	40000.0	743.0	69324144.0
38.313462102074084	GMOREA0061-DNA	45000.0	635.0	64732403.0
36.58591759622982	GMOREA0061-DNA	50000.0	573.0	61813635.0
28.28941784941304	GMOREA0061-DNA	75000.0	344.0	47796307.0
21.166092186320146	GMOREA0061-DNA	100000.0	206.0	35761112.0
17.06380906633559	GMOREA0061-DNA	125000.0	144.0	28830111.0
13.334395077365135	GMOREA0061-DNA	150000.0	98.0	22529090.0
8.037546935430115	GMOREA0061-DNA	200000.0	45.0	13579815.0
5.013552713925052	GMOREA0061-DNA	250000.0	22.0	8470634.0
1.3122776249620156	GMOREA0061-DNA	500000.0	3.0	2217155.0
100.0	GMOREA0067-DNA	0.0	124617.0	314664164.0
100.0	GMOREA0067-DNA	100.0	124617.0	314664164.0
100.0	GMOREA0067-DNA	250.0	124617.0	314664164.0
97.30209347893839	GMOREA0067-DNA	500.0	106010.0	306174819.0
84.96627725297628	GMOREA0067-DNA	1000.0	50159.0	267358426.0
70.05167928814416	GMOREA0067-DNA	2500.0	19025.0	220427531.0
60.11895971731944	GMOREA0067-DNA	5000.0	9947.0	189172822.0
49.879292578102415	GMOREA0067-DNA	10000.0	5338.0	156952259.0
43.11385709622784	GMOREA0067-DNA	15000.0	3594.0	135663858.0
37.52504082415943	GMOREA0067-DNA	20000.0	2572.0	118077856.0
32.89388396957717	GMOREA0067-DNA	25000.0	1920.0	103505265.0
29.34745216172757	GMOREA0067-DNA	30000.0	1511.0	92345915.0
26.071425152817845	GMOREA0067-DNA	35000.0	1191.0	82037432.0
23.450873484277672	GMOREA0067-DNA	40000.0	970.0	73791495.0
20.987473807153968	GMOREA0067-DNA	45000.0	787.0	66040059.0
19.15535605764119	GMOREA0067-DNA	50000.0	666.0	60275041.0
11.924566980560265	GMOREA0067-DNA	75000.0	290.0	37522339.0
8.607376402735204	GMOREA0067-DNA	100000.0	169.0	27084329.0
5.92798390604149	GMOREA0067-DNA	125000.0	94.0	18653241.0
4.7609803447462165	GMOREA0067-DNA	150000.0	67.0	14981099.0
3.0280241889889945	GMOREA0067-DNA	200000.0	35.0	9528107.0
1.6140678161241138	GMOREA0067-DNA	250000.0	15.0	5078893.0
0.18470072747146382	GMOREA0067-DNA	500000.0	1.0	581187.0
100.0	GMOREA0070-DNA	0.0	76829.0	217010918.0
100.0	GMOREA0070-DNA	100.0	76829.0	217010918.0
100.0	GMOREA0070-DNA	250.0	76829.0	217010918.0
97.72232427494731	GMOREA0070-DNA	500.0	66008.0	212068113.0
86.72222795721274	GMOREA0070-DNA	1000.0	31727.0	188196703.0
72.83069094247139	GMOREA0070-DNA	2500.0	11829.0	158050551.0
63.77824870544071	GMOREA0070-DNA	5000.0	6128.0	138405763.0
55.00060324153829	GMOREA0070-DNA	10000.0	3387.0	119357314.0
49.313446985188094	GMOREA0070-DNA	15000.0	2379.0	107015564.0
44.779524410840935	GMOREA0070-DNA	20000.0	1810.0	97176457.0
41.03714864705562	GMOREA0070-DNA	25000.0	1446.0	89055093.0
37.84489543516884	GMOREA0070-DNA	30000.0	1194.0	82127555.0
34.81685884578397	GMOREA0070-DNA	35000.0	992.0	75556385.0
32.00759281613656	GMOREA0070-DNA	40000.0	829.0	69459971.0
29.579087813452777	GMOREA0070-DNA	45000.0	705.0	64189850.0
27.401457285204422	GMOREA0070-DNA	50000.0	605.0	59464154.0
19.674402280534107	GMOREA0070-DNA	75000.0	330.0	42695601.0
14.300620579836448	GMOREA0070-DNA	100000.0	195.0	31033908.0
10.3833651355735	GMOREA0070-DNA	125000.0	118.0	22533036.0
7.352826828740479	GMOREA0070-DNA	150000.0	70.0	15956437.0
4.547493780935022	GMOREA0070-DNA	200000.0	35.0	9868558.0
3.051439098561852	GMOREA0070-DNA	250000.0	20.0	6621956.0
0.5223174992513511	GMOREA0070-DNA	500000.0	2.0	1133486.0
100.0	GMOREA0080-DNA	0.0	96400.0	282501588.0
100.0	GMOREA0080-DNA	100.0	96400.0	282501588.0
100.0	GMOREA0080-DNA	250.0	96400.0	282501588.0
97.9288134125462	GMOREA0080-DNA	500.0	83552.0	276650453.0
87.68216056895227	GMOREA0080-DNA	1000.0	42189.0	247703496.0
73.71145326092822	GMOREA0080-DNA	2500.0	16215.0	208236026.0
63.91189135545673	GMOREA0080-DNA	5000.0	8205.0	180552108.0
54.66587571890038	GMOREA0080-DNA	10000.0	4423.0	154431967.0
48.70889150541695	GMOREA0080-DNA	15000.0	3047.0	137603392.0
44.2983817846716	GMOREA0080-DNA	20000.0	2325.0	125143632.0
40.43262404599297	GMOREA0080-DNA	25000.0	1839.0	114222805.0
37.135297448310276	GMOREA0080-DNA	30000.0	1500.0	104907805.0
34.29033290956227	GMOREA0080-DNA	35000.0	1252.0	96870735.0
32.09066704432118	GMOREA0080-DNA	40000.0	1086.0	90656644.0
29.525124651688685	GMOREA0080-DNA	45000.0	916.0	83408946.0
27.54740514945353	GMOREA0080-DNA	50000.0	798.0	77821857.0
19.11732970506346	GMOREA0080-DNA	75000.0	406.0	54006760.0
14.383058264437084	GMOREA0080-DNA	100000.0	251.0	40632368.0
10.754432644109597	GMOREA0080-DNA	125000.0	159.0	30381443.0
7.919895303384984	GMOREA0080-DNA	150000.0	100.0	22373830.0
5.166145119155932	GMOREA0080-DNA	200000.0	55.0	14594442.0
2.7379768215674596	GMOREA0080-DNA	250000.0	24.0	7734828.0
0.20890254252305301	GMOREA0080-DNA	500000.0	1.0	590153.0
100.0	GMOREA0094-DNA	0.0	156575.0	344187153.0
100.0	GMOREA0094-DNA	100.0	156575.0	344187153.0
100.0	GMOREA0094-DNA	250.0	156575.0	344187153.0
96.54804227977678	GMOREA0094-DNA	500.0	130596.0	332305958.0
81.66521049668579	GMOREA0094-DNA	1000.0	56043.0	281081163.0
65.44672746690229	GMOREA0094-DNA	2500.0	18886.0	225259228.0
55.650456541008666	GMOREA0094-DNA	5000.0	9022.0	191541722.0
47.231825645741054	GMOREA0094-DNA	10000.0	4812.0	162565876.0
41.810641898072234	GMOREA0094-DNA	15000.0	3287.0	143906858.0
37.53473942125899	GMOREA0094-DNA	20000.0	2437.0	129189751.0
34.07154537229343	GMOREA0094-DNA	25000.0	1906.0	117269882.0
31.210921460511337	GMOREA0094-DNA	30000.0	1545.0	107423982.0
28.60693437909927	GMOREA0094-DNA	35000.0	1268.0	98461393.0
26.40562240857374	GMOREA0094-DNA	40000.0	1065.0	90884760.0
24.3243413562272	GMOREA0094-DNA	45000.0	896.0	83721258.0
22.759155975818775	GMOREA0094-DNA	50000.0	782.0	78334091.0
16.277973047994617	GMOREA0094-DNA	75000.0	415.0	56026692.0
12.376591232038228	GMOREA0094-DNA	100000.0	260.0	42598637.0
9.457523825707696	GMOREA0094-DNA	125000.0	170.0	32551582.0
6.9556718754113405	GMOREA0094-DNA	150000.0	106.0	23940529.0
4.403479289652626	GMOREA0094-DNA	200000.0	56.0	15156210.0
2.2060588066167597	GMOREA0094-DNA	250000.0	22.0	7592971.0
0.22559325449314488	GMOREA0094-DNA	500000.0	1.0	776463.0
100.0	GMOREA0097-DNA	0.0	68508.0	199154284.0
100.0	GMOREA0097-DNA	100.0	68508.0	199154284.0
100.0	GMOREA0097-DNA	250.0	68508.0	199154284.0
97.8562715728475	GMOREA0097-DNA	500.0	59150.0	194884957.0
87.59699841556007	GMOREA0097-DNA	1000.0	29938.0	174453175.0
73.65343293343366	GMOREA0097-DNA	2500.0	11672.0	146683967.0
64.04804980243357	GMOREA0097-DNA	5000.0	6105.0	127554435.0
54.525082674094016	GMOREA0097-DNA	10000.0	3389.0	108589038.0
48.14765270125949	GMOREA0097-DNA	15000.0	2349.0	95888113.0
43.03031663632202	GMOREA0097-DNA	20000.0	1760.0	85696719.0
38.56390254703233	GMOREA0097-DNA	25000.0	1361.0	76801664.0
34.53299402788644	GMOREA0097-DNA	30000.0	1067.0	68773937.0
31.53623348619505	GMOREA0097-DNA	35000.0	882.0	62805760.0
28.498735683737543	GMOREA0097-DNA	40000.0	720.0	56756453.0
25.69918505996085	GMOREA0097-DNA	45000.0	589.0	51181028.0
23.58356900823685	GMOREA0097-DNA	50000.0	500.0	46967688.0
16.091687990000757	GMOREA0097-DNA	75000.0	251.0	32047286.0
11.187087996560496	GMOREA0097-DNA	100000.0	137.0	22279565.0
8.681985470119237	GMOREA0097-DNA	125000.0	92.0	17290546.0
6.505091801088246	GMOREA0097-DNA	150000.0	60.0	12955169.0
3.3449057013506174	GMOREA0097-DNA	200000.0	23.0	6661523.0
1.879516686670923	GMOREA0097-DNA	250000.0	10.0	3743138.0
0.5381375577137975	GMOREA0097-DNA	500000.0	2.0	1071724.0
100.0	GMOREA0103-DNA	0.0	88068.0	268242627.0
100.0	GMOREA0103-DNA	100.0	88068.0	268242627.0
100.0	GMOREA0103-DNA	250.0	88068.0	268242627.0
97.68410596426197	GMOREA0103-DNA	500.0	74487.0	262030412.0
87.35365389931108	GMOREA0103-DNA	1000.0	34259.0	234319736.0
75.71269722168357	GMOREA0103-DNA	2500.0	13440.0	203093728.0
68.03633115328832	GMOREA0103-DNA	5000.0	7453.0	182502442.0
60.07459657036538	GMOREA0103-DNA	10000.0	4413.0	161145676.0
54.512457857788576	GMOREA0103-DNA	15000.0	3193.0	146225649.0
49.842967724887366	GMOREA0103-DNA	20000.0	2469.0	133700086.0
45.801736425732216	GMOREA0103-DNA	25000.0	1986.0	122859781.0
42.20773493990573	GMOREA0103-DNA	30000.0	1634.0	113219137.0
39.122273060649675	GMOREA0103-DNA	35000.0	1379.0	104942613.0
35.851087903340584	GMOREA0103-DNA	40000.0	1145.0	96167900.0
33.123188507992054	GMOREA0103-DNA	45000.0	973.0	88850511.0
30.962357820929036	GMOREA0103-DNA	50000.0	851.0	83054242.0
21.596912708433923	GMOREA0103-DNA	75000.0	442.0	57932126.0
15.432218012090972	GMOREA0103-DNA	100000.0	250.0	41395787.0
11.348776792288124	GMOREA0103-DNA	125000.0	153.0	30442257.0
8.708859684706265	GMOREA0103-DNA	150000.0	101.0	23360874.0
5.314958013738808	GMOREA0103-DNA	200000.0	48.0	14256983.0
3.652306909445828	GMOREA0103-DNA	250000.0	28.0	9797044.0
0.5481328662949606	GMOREA0103-DNA	500000.0	2.0	1470326.0
100.0	GMOREA0109-DNA	0.0	49872.0	154715950.0
100.0	GMOREA0109-DNA	100.0	49872.0	154715950.0
100.0	GMOREA0109-DNA	250.0	49872.0	154715950.0
97.87312426417574	GMOREA0109-DNA	500.0	42668.0	151425334.0
87.82640445280528	GMOREA0109-DNA	1000.0	20375.0	135881456.0
75.37448207505432	GMOREA0109-DNA	2500.0	7564.0	116616346.0
67.23004641732156	GMOREA0109-DNA	5000.0	3903.0	104015605.0
59.71886156533957	GMOREA0109-DNA	10000.0	2243.0	92394604.0
55.116016803697356	GMOREA0109-DNA	15000.0	1654.0	85273269.0
51.34577656666943	GMOREA0109-DNA	20000.0	1317.0	79440106.0
47.85657975147359	GMOREA0109-DNA	25000.0	1075.0	74041762.0
44.83269565936802	GMOREA0109-DNA	30000.0	903.0	69363331.0
42.34713680134466	GMOREA0109-DNA	35000.0	784.0	65517775.0
40.11752246617107	GMOREA0109-DNA	40000.0	692.0	62068206.0
37.91629305187991	GMOREA0109-DNA	45000.0	611.0	58662553.0
35.83640148284647	GMOREA0109-DNA	50000.0	543.0	55444629.0
26.332043334898568	GMOREA0109-DNA	75000.0	303.0	40739871.0
20.12447003686433	GMOREA0109-DNA	100000.0	191.0	31135765.0
15.174344985116273	GMOREA0109-DNA	125000.0	123.0	23477132.0
10.766199606440061	GMOREA0109-DNA	150000.0	73.0	16657028.0
6.7158958077690105	GMOREA0109-DNA	200000.0	37.0	10390562.0
3.6930316492901993	GMOREA0109-DNA	250000.0	16.0	5713709.0
0.7103120266527142	GMOREA0109-DNA	500000.0	2.0	1098966.0
100.0	GMOREA0113-DNA	0.0	48172.0	170549370.0
100.0	GMOREA0113-DNA	100.0	48172.0	170549370.0
100.0	GMOREA0113-DNA	250.0	48172.0	170549370.0
98.4166103926388	GMOREA0113-DNA	500.0	42260.0	167848909.0
90.64827211029862	GMOREA0113-DNA	1000.0	23301.0	154600057.0
78.59171042379107	GMOREA0113-DNA	2500.0	10006.0	134037667.0
68.55293220960007	GMOREA0113-DNA	5000.0	5110.0	116916594.0
58.36044249239971	GMOREA0113-DNA	10000.0	2593.0	99533367.0
52.37802871977774	GMOREA0113-DNA	15000.0	1750.0	89330398.0
48.11269780709246	GMOREA0113-DNA	20000.0	1331.0	82055903.0
44.449074775239566	GMOREA0113-DNA	25000.0	1052.0	75807617.0
41.31714470713084	GMOREA0113-DNA	30000.0	857.0	70466130.0
38.70755605840115	GMOREA0113-DNA	35000.0	720.0	66015493.0
36.52278516185665	GMOREA0113-DNA	40000.0	620.0	62289380.0
34.15723611292144	GMOREA0113-DNA	45000.0	525.0	58254951.0
32.34464366535039	GMOREA0113-DNA	50000.0	460.0	55163586.0
26.393029185625256	GMOREA0113-DNA	75000.0	292.0	45013145.0
21.797108954433547	GMOREA0113-DNA	100000.0	201.0	37174832.0
17.098635427383872	GMOREA0113-DNA	125000.0	129.0	29161615.0
14.201687171286531	GMOREA0113-DNA	150000.0	93.0	24220888.0
9.72346013356719	GMOREA0113-DNA	200000.0	49.0	16583300.0
7.8493154211006475	GMOREA0113-DNA	250000.0	35.0	13386958.0
2.663940652492589	GMOREA0113-DNA	500000.0	8.0	4543334.0
100.0	GMOREA0115-DNA	0.0	81744.0	221748052.0
100.0	GMOREA0115-DNA	100.0	81744.0	221748052.0
100.0	GMOREA0115-DNA	250.0	81744.0	221748052.0
97.53783631885072	GMOREA0115-DNA	500.0	69819.0	216288252.0
85.76924409689967	GMOREA0115-DNA	1000.0	32322.0	190191628.0
71.36109678203621	GMOREA0115-DNA	2500.0	11146.0	158241842.0
62.269054791967235	GMOREA0115-DNA	5000.0	5257.0	138080416.0
55.00288002530006	GMOREA0115-DNA	10000.0	2916.0	121967815.0
50.73242176666337	GMOREA0115-DNA	15000.0	2144.0	112498157.0
47.13619445910623	GMOREA0115-DNA	20000.0	1682.0	104523593.0
44.577925311379964	GMOREA0115-DNA	25000.0	1427.0	98850681.0
41.52185787859818	GMOREA0115-DNA	30000.0	1179.0	92073911.0
39.107820437583825	GMOREA0115-DNA	35000.0	1013.0	86720830.0
37.040929676351794	GMOREA0115-DNA	40000.0	891.0	82137540.0
34.89768334019006	GMOREA0115-DNA	45000.0	779.0	77384933.0
32.77370166029689	GMOREA0115-DNA	50000.0	680.0	72675045.0
24.949322215466406	GMOREA0115-DNA	75000.0	394.0	55324636.0
19.211780944979846	GMOREA0115-DNA	100000.0	246.0	42601750.0
15.08010586717578	GMOREA0115-DNA	125000.0	164.0	33439841.0
12.250780448795103	GMOREA0115-DNA	150000.0	118.0	27165867.0
7.190307132889718	GMOREA0115-DNA	200000.0	53.0	15944366.0
4.999638057699826	GMOREA0115-DNA	250000.0	31.0	11086600.0
1.115557939602554	GMOREA0115-DNA	500000.0	4.0	2473728.0
100.0	GMOREA0117-DNA	0.0	89412.0	187134988.0
100.0	GMOREA0117-DNA	100.0	89412.0	187134988.0
100.0	GMOREA0117-DNA	250.0	89412.0	187134988.0
96.4643725522883	GMOREA0117-DNA	500.0	74964.0	180518592.0
80.89357613873895	GMOREA0117-DNA	1000.0	32683.0	151380184.0
63.436856073114456	GMOREA0117-DNA	2500.0	10978.0	118712553.0
52.531368960250234	GMOREA0117-DNA	5000.0	5038.0	98304571.0
43.29382595199141	GMOREA0117-DNA	10000.0	2519.0	81017896.0
37.91504451321524	GMOREA0117-DNA	15000.0	1692.0	70952314.0
33.88298077107847	GMOREA0117-DNA	20000.0	1252.0	63406912.0
30.698808712350466	GMOREA0117-DNA	25000.0	986.0	57448212.0
27.955648785463893	GMOREA0117-DNA	30000.0	800.0	52314800.0
25.587877238648716	GMOREA0117-DNA	35000.0	663.0	47883871.0
23.20189691090797	GMOREA0117-DNA	40000.0	543.0	43418867.0
21.299347292554398	GMOREA0117-DNA	45000.0	459.0	39858531.0
19.86497094813718	GMOREA0117-DNA	50000.0	402.0	37174311.0
12.826639345497487	GMOREA0117-DNA	75000.0	184.0	24003130.0
9.174680899330275	GMOREA0117-DNA	100000.0	105.0	17169038.0
6.8791016247587	GMOREA0117-DNA	125000.0	67.0	12873206.0
4.792075547091172	GMOREA0117-DNA	150000.0	38.0	8967650.0
2.7771557075152615	GMOREA0117-DNA	200000.0	16.0	5197030.0
2.325170747866775	GMOREA0117-DNA	250000.0	12.0	4351208.0
0.7319090965501331	GMOREA0117-DNA	500000.0	2.0	1369658.0
100.0	GMOREA0119-DNA	0.0	101833.0	228432167.0
100.0	GMOREA0119-DNA	100.0	101833.0	228432167.0
100.0	GMOREA0119-DNA	250.0	101833.0	228432167.0
96.9452927354141	GMOREA0119-DNA	500.0	86584.0	221454233.0
82.95212687799788	GMOREA0119-DNA	1000.0	40505.0	189489341.0
64.87692514863723	GMOREA0119-DNA	2500.0	13246.0	148199766.0
53.77975379448202	GMOREA0119-DNA	5000.0	5815.0	122850257.0
45.17292129002129	GMOREA0119-DNA	10000.0	2941.0	103189483.0
40.11207449605816	GMOREA0119-DNA	15000.0	1996.0	91628881.0
36.73549531226922	GMOREA0119-DNA	20000.0	1548.0	83915688.0
33.66237689283051	GMOREA0119-DNA	25000.0	1234.0	76895697.0
31.384552771851958	GMOREA0119-DNA	30000.0	1044.0	71692414.0
28.979312269974656	GMOREA0119-DNA	35000.0	875.0	66198071.0
26.167133020280808	GMOREA0119-DNA	40000.0	704.0	59774149.0
24.354897005376657	GMOREA0119-DNA	45000.0	606.0	55634419.0
22.978921790817665	GMOREA0119-DNA	50000.0	540.0	52491249.0
16.021929608538887	GMOREA0119-DNA	75000.0	279.0	36599241.0
11.818860869975461	GMOREA0119-DNA	100000.0	168.0	26998080.0
9.173571426129316	GMOREA0119-DNA	125000.0	113.0	20955388.0
6.287177584757579	GMOREA0119-DNA	150000.0	64.0	14361936.0
3.8753508826101535	GMOREA0119-DNA	200000.0	32.0	8852548.0
2.0744460214309486	GMOREA0119-DNA	250000.0	14.0	4738702.0
100.0	GMOREA0120-DNA	0.0	110978.0	329749135.0
100.0	GMOREA0120-DNA	100.0	110978.0	329749135.0
100.0	GMOREA0120-DNA	250.0	110978.0	329749135.0
97.84875826891857	GMOREA0120-DNA	500.0	95447.0	322655434.0
87.52927949303036	GMOREA0120-DNA	1000.0	46581.0	288627042.0
74.1181932137593	GMOREA0120-DNA	2500.0	17468.0	244404101.0
65.29183040919881	GMOREA0120-DNA	5000.0	9007.0	215299246.0
56.8360268784329	GMOREA0120-DNA	10000.0	4976.0	187416307.0
51.44740137074203	GMOREA0120-DNA	15000.0	3519.0	169647361.0
47.39936861396164	GMOREA0120-DNA	20000.0	2742.0	156299008.0
43.904272561624765	GMOREA0120-DNA	25000.0	2226.0	144773959.0
40.903770680095946	GMOREA0120-DNA	30000.0	1864.0	134879830.0
37.99488753776413	GMOREA0120-DNA	35000.0	1568.0	125287813.0
35.50430935929521	GMOREA0120-DNA	40000.0	1349.0	117075153.0
33.27701951363724	GMOREA0120-DNA	45000.0	1176.0	109730684.0
31.4928089197262	GMOREA0120-DNA	50000.0	1052.0	103847265.0
23.395493971500485	GMOREA0120-DNA	75000.0	613.0	77146439.0
16.19867630585293	GMOREA0120-DNA	100000.0	338.0	53414995.0
11.49729323778211	GMOREA0120-DNA	125000.0	199.0	37912225.0
8.571599740511829	GMOREA0120-DNA	150000.0	128.0	28264776.0
5.314339338600539	GMOREA0120-DNA	200000.0	65.0	17523988.0
2.6498580504236955	GMOREA0120-DNA	250000.0	25.0	8737884.0
0.3808064576120874	GMOREA0120-DNA	500000.0	2.0	1255706.0
100.0	GMOREA0124-DNA	0.0	101017.0	290191907.0
100.0	GMOREA0124-DNA	100.0	101017.0	290191907.0
100.0	GMOREA0124-DNA	250.0	101017.0	290191907.0
97.6454446746511	GMOREA0124-DNA	500.0	86067.0	283359178.0
87.10596364081236	GMOREA0124-DNA	1000.0	41995.0	252774457.0
73.45722050063925	GMOREA0124-DNA	2500.0	15941.0	213166909.0
64.01540756958464	GMOREA0124-DNA	5000.0	7949.0	185767532.0
55.396054859655344	GMOREA0124-DNA	10000.0	4332.0	160754868.0
50.16648965334516	GMOREA0124-DNA	15000.0	3087.0	145579093.0
45.53089828242523	GMOREA0124-DNA	20000.0	2312.0	132126982.0
41.96235389844969	GMOREA0124-DNA	25000.0	1848.0	121771355.0
39.00890075476847	GMOREA0124-DNA	30000.0	1535.0	113200673.0
36.412683624564345	GMOREA0124-DNA	35000.0	1301.0	105666661.0
34.15861904101964	GMOREA0124-DNA	40000.0	1126.0	99125548.0
31.554590183660775	GMOREA0124-DNA	45000.0	947.0	91568867.0
29.686068054268656	GMOREA0124-DNA	50000.0	833.0	86146567.0
21.70919122151811	GMOREA0124-DNA	75000.0	448.0	62998316.0
16.390726913001057	GMOREA0124-DNA	100000.0	269.0	47564563.0
12.749059194128387	GMOREA0124-DNA	125000.0	173.0	36996738.0
10.199530133691841	GMOREA0124-DNA	150000.0	119.0	29598211.0
6.90009766537011	GMOREA0124-DNA	200000.0	64.0	20023525.0
4.88553286911616	GMOREA0124-DNA	250000.0	38.0	14177421.0
0.9652670982309647	GMOREA0124-DNA	500000.0	5.0	2801127.0
100.0	GMOREA0134-DNA	0.0	76303.0	212312891.0
100.0	GMOREA0134-DNA	100.0	76303.0	212312891.0
100.0	GMOREA0134-DNA	250.0	76303.0	212312891.0
97.76297332788899	GMOREA0134-DNA	500.0	65907.0	207563395.0
86.79209544558461	GMOREA0134-DNA	1000.0	32509.0	184270807.0
72.2603951542443	GMOREA0134-DNA	2500.0	12179.0	153418134.0
62.027357067075116	GMOREA0134-DNA	5000.0	5885.0	131692075.0
52.70949327330294	GMOREA0134-DNA	10000.0	3010.0	111909049.0
47.42056336089362	GMOREA0134-DNA	15000.0	2083.0	100679969.0
43.44475437433519	GMOREA0134-DNA	20000.0	1594.0	92238814.0
40.454954758258175	GMOREA0134-DNA	25000.0	1309.0	85891084.0
37.79328453494612	GMOREA0134-DNA	30000.0	1102.0	80240015.0
35.29523979775679	GMOREA0134-DNA	35000.0	938.0	74936344.0
32.967698602907724	GMOREA0134-DNA	40000.0	806.0	69994674.0
30.85178563180132	GMOREA0134-DNA	45000.0	700.0	65502318.0
28.516151664102207	GMOREA0134-DNA	50000.0	595.0	60543466.0
21.336494824518216	GMOREA0134-DNA	75000.0	346.0	45300129.0
15.727591877593527	GMOREA0134-DNA	100000.0	210.0	33391705.0
11.746177484814147	GMOREA0134-DNA	125000.0	134.0	24938649.0
8.428915887165795	GMOREA0134-DNA	150000.0	82.0	17895675.0
4.820414790546091	GMOREA0134-DNA	200000.0	37.0	10234362.0
2.956374420053467	GMOREA0134-DNA	250000.0	19.0	6276764.0
100.0	GMOREA0142-DNA	0.0	147050.0	309414014.0
100.0	GMOREA0142-DNA	100.0	147050.0	309414014.0
100.0	GMOREA0142-DNA	250.0	147050.0	309414014.0
96.7974992884453	GMOREA0142-DNA	500.0	125329.0	299505028.0
81.49900023597509	GMOREA0142-DNA	1000.0	57162.0	252169328.0
62.93139844661334	GMOREA0142-DNA	2500.0	18988.0	194718566.0
51.323745795172684	GMOREA0142-DNA	5000.0	8511.0	158802862.0
41.18962142419315	GMOREA0142-DNA	10000.0	3942.0	127446461.0
35.60972354665228	GMOREA0142-DNA	15000.0	2526.0	110181475.0
31.6931685582929	GMOREA0142-DNA	20000.0	1825.0	98063105.0
28.922507692234007	GMOREA0142-DNA	25000.0	1442.0	89490292.0
26.632616905322198	GMOREA0142-DNA	30000.0	1184.0	82405049.0
24.66038076736886	GMOREA0142-DNA	35000.0	996.0	76302674.0
22.954806112951303	GMOREA0142-DNA	40000.0	854.0	71025387.0
21.330468567593712	GMOREA0142-DNA	45000.0	736.0	65999459.0
19.659007106252144	GMOREA0142-DNA	50000.0	627.0	60827723.0
13.680974062150913	GMOREA0142-DNA	75000.0	322.0	42330851.0
9.968204284373492	GMOREA0142-DNA	100000.0	189.0	30843021.0
7.6711476940407755	GMOREA0142-DNA	125000.0	126.0	23735606.0
5.979111211168347	GMOREA0142-DNA	150000.0	88.0	18500208.0
2.8886994756481843	GMOREA0142-DNA	200000.0	32.0	8938041.0
1.7706612344972843	GMOREA0142-DNA	250000.0	17.0	5478674.0
0.17391681554540062	GMOREA0142-DNA	500000.0	1.0	538123.0
100.0	GMOREA0160-DNA	0.0	48144.0	178260523.0
100.0	GMOREA0160-DNA	100.0	48144.0	178260523.0
100.0	GMOREA0160-DNA	250.0	48144.0	178260523.0
98.32363164333361	GMOREA0160-DNA	500.0	41611.0	175272220.0
89.98177571822787	GMOREA0160-DNA	1000.0	20312.0	160401984.0
79.47916039716769	GMOREA0160-DNA	2500.0	7900.0	141679967.0
72.33088842671016	GMOREA0160-DNA	5000.0	4196.0	128937420.0
65.14653555683778	GMOREA0160-DNA	10000.0	2358.0	116130555.0
60.99529058377103	GMOREA0160-DNA	15000.0	1745.0	108730524.0
57.80713882456185	GMOREA0160-DNA	20000.0	1414.0	103047308.0
55.09600406591425	GMOREA0160-DNA	25000.0	1198.0	98214425.0
52.808689448308186	GMOREA0160-DNA	30000.0	1050.0	94137046.0
50.74589509647068	GMOREA0160-DNA	35000.0	936.0	90459898.0
48.67713924523828	GMOREA0160-DNA	40000.0	838.0	86772123.0
46.71793989968267	GMOREA0160-DNA	45000.0	756.0	83279644.0
44.51165443960915	GMOREA0160-DNA	50000.0	673.0	79346708.0
36.06103074206733	GMOREA0160-DNA	75000.0	429.0	64282582.0
28.257334351027346	GMOREA0160-DNA	100000.0	268.0	50371672.0
22.69769005446035	GMOREA0160-DNA	125000.0	180.0	40461021.0
18.75257765287719	GMOREA0160-DNA	150000.0	128.0	33428443.0
14.076081219620344	GMOREA0160-DNA	200000.0	78.0	25092096.0
10.577626320551072	GMOREA0160-DNA	250000.0	50.0	18855732.0
1.4944307102700467	GMOREA0160-DNA	500000.0	3.0	2663980.0
100.0	GMOREA0168-DNA	0.0	99379.0	188142916.0
100.0	GMOREA0168-DNA	100.0	99379.0	188142916.0
100.0	GMOREA0168-DNA	250.0	99379.0	188142916.0
96.10501891019909	GMOREA0168-DNA	500.0	83383.0	180814785.0
78.11705650400359	GMOREA0168-DNA	1000.0	34254.0	146971708.0
59.43870562737531	GMOREA0168-DNA	2500.0	10582.0	111829714.0
49.29577842835178	GMOREA0168-DNA	5000.0	5030.0	92746515.0
39.56998040787249	GMOREA0168-DNA	10000.0	2386.0	74448115.0
33.975782006057564	GMOREA0168-DNA	15000.0	1520.0	63923027.0
30.04359887778076	GMOREA0168-DNA	20000.0	1091.0	56524903.0
27.040350538629898	GMOREA0168-DNA	25000.0	837.0	50874504.0
24.843649707225758	GMOREA0168-DNA	30000.0	685.0	46741567.0
22.550604562756963	GMOREA0168-DNA	35000.0	552.0	42427365.0
20.8790295351859	GMOREA0168-DNA	40000.0	468.0	39282415.0
19.570687423596645	GMOREA0168-DNA	45000.0	410.0	36820862.0
18.326358883477706	GMOREA0168-DNA	50000.0	361.0	34479746.0
12.75849206036543	GMOREA0168-DNA	75000.0	189.0	24004199.0
8.96936720168619	GMOREA0168-DNA	100000.0	105.0	16875229.0
7.0785577704132105	GMOREA0168-DNA	125000.0	72.0	13317805.0
5.060968652149518	GMOREA0168-DNA	150000.0	44.0	9521854.0
2.80331043662574	GMOREA0168-DNA	200000.0	19.0	5274230.0
1.5031535920278816	GMOREA0168-DNA	250000.0	8.0	2828077.0
0.35869753395339105	GMOREA0168-DNA	500000.0	1.0	674864.0
100.0	GMOREA0171-DNA	0.0	132110.0	312017192.0
100.0	GMOREA0171-DNA	100.0	132110.0	312017192.0
100.0	GMOREA0171-DNA	250.0	132110.0	312017192.0
97.03584634528728	GMOREA0171-DNA	500.0	111858.0	302768523.0
83.54029927940637	GMOREA0171-DNA	1000.0	51103.0	260660096.0
67.53892106047797	GMOREA0171-DNA	2500.0	17878.0	210733045.0
57.53890702278996	GMOREA0171-DNA	5000.0	8749.0	179531282.0
48.37048690573435	GMOREA0171-DNA	10000.0	4615.0	150924235.0
42.27995039452826	GMOREA0171-DNA	15000.0	3059.0	131920714.0
37.798273628460834	GMOREA0171-DNA	20000.0	2251.0	117937112.0
34.17772216859127	GMOREA0171-DNA	25000.0	1746.0	106640369.0
31.157266808554574	GMOREA0171-DNA	30000.0	1401.0	97216029.0
28.392328779114195	GMOREA0171-DNA	35000.0	1135.0	88588947.0
26.233042312617183	GMOREA0171-DNA	40000.0	955.0	81851602.0
24.15349568301993	GMOREA0171-DNA	45000.0	802.0	75363059.0
22.528408626919507	GMOREA0171-DNA	50000.0	695.0	70292508.0
16.19745779905615	GMOREA0171-DNA	75000.0	367.0	50538853.0
12.125374488980082	GMOREA0171-DNA	100000.0	220.0	37833253.0
9.6439185953574	GMOREA0171-DNA	125000.0	150.0	30090684.0
7.364038773863461	GMOREA0171-DNA	150000.0	98.0	22977067.0
4.793184601186976	GMOREA0171-DNA	200000.0	51.0	14955560.0
3.089791603534462	GMOREA0171-DNA	250000.0	27.0	9640681.0
0.893239882756204	GMOREA0171-DNA	500000.0	4.0	2787062.0
100.0	GMOREA0172-DNA	0.0	164600.0	386082523.0
100.0	GMOREA0172-DNA	100.0	164600.0	386082523.0
100.0	GMOREA0172-DNA	250.0	164600.0	386082523.0
97.22158363537217	GMOREA0172-DNA	500.0	141139.0	375355543.0
83.9749886839607	GMOREA0172-DNA	1000.0	67542.0	324212755.0
66.99827357893639	GMOREA0172-DNA	2500.0	24210.0	258668625.0
55.71673623776023	GMOREA0172-DNA	5000.0	11574.0	215112581.0
45.2640509707817	GMOREA0172-DNA	10000.0	5743.0	174756590.0
39.11890463894425	GMOREA0172-DNA	15000.0	3796.0	151031254.0
34.43464261654755	GMOREA0172-DNA	20000.0	2749.0	132946137.0
30.750488024551164	GMOREA0172-DNA	25000.0	2109.0	118722260.0
27.72759180295763	GMOREA0172-DNA	30000.0	1682.0	107051386.0
24.762367966601794	GMOREA0172-DNA	35000.0	1329.0	95603175.0
22.48438735984949	GMOREA0172-DNA	40000.0	1094.0	86808290.0
20.276710634736503	GMOREA0172-DNA	45000.0	893.0	78284836.0
18.76131621736216	GMOREA0172-DNA	50000.0	770.0	72434163.0
12.672692516568537	GMOREA0172-DNA	75000.0	382.0	48927051.0
8.851777007269506	GMOREA0172-DNA	100000.0	212.0	34175164.0
6.328284639810024	GMOREA0172-DNA	125000.0	124.0	24432401.0
5.053873935650799	GMOREA0172-DNA	150000.0	88.0	19512124.0
2.899492293257729	GMOREA0172-DNA	200000.0	39.0	11194433.0
1.8073545380348646	GMOREA0172-DNA	250000.0	20.0	6977880.0
0.27096435028218047	GMOREA0172-DNA	500000.0	2.0	1046146.0
100.0	GMOREA0173-DNA	0.0	80897.0	257063543.0
100.0	GMOREA0173-DNA	100.0	80897.0	257063543.0
100.0	GMOREA0173-DNA	250.0	80897.0	257063543.0
98.14528659165022	GMOREA0173-DNA	500.0	70438.0	252295751.0
89.03554324698621	GMOREA0173-DNA	1000.0	36942.0	228877922.0
76.51220072073775	GMOREA0173-DNA	2500.0	15893.0	196684974.0
66.33833837729374	GMOREA0173-DNA	5000.0	8389.0	170531683.0
54.964917759652906	GMOREA0173-DNA	10000.0	4192.0	141294765.0
48.30948276473416	GMOREA0173-DNA	15000.0	2786.0	124186068.0
43.36990445977008	GMOREA0173-DNA	20000.0	2052.0	111488213.0
39.510404631745075	GMOREA0173-DNA	25000.0	1607.0	101566846.0
36.081697123422906	GMOREA0173-DNA	30000.0	1287.0	92752889.0
33.48349011123681	GMOREA0173-DNA	35000.0	1081.0	86073846.0
31.09703113366021	GMOREA0173-DNA	40000.0	917.0	79939130.0
28.779979897810716	GMOREA0173-DNA	45000.0	777.0	73982836.0
27.155976761745638	GMOREA0173-DNA	50000.0	689.0	69808116.0
19.609108476342755	GMOREA0173-DNA	75000.0	372.0	50407869.0
14.157333076203654	GMOREA0173-DNA	100000.0	210.0	36393342.0
10.658055078623109	GMOREA0173-DNA	125000.0	129.0	27397974.0
8.916975831146932	GMOREA0173-DNA	150000.0	96.0	22922294.0
5.652130142779523	GMOREA0173-DNA	200000.0	47.0	14529566.0
4.105955234577935	GMOREA0173-DNA	250000.0	29.0	10554914.0
0.8495510388262252	GMOREA0173-DNA	500000.0	3.0	2183886.0
100.0	GMOREA0178-DNA	0.0	105912.0	253605438.0
100.0	GMOREA0178-DNA	100.0	105912.0	253605438.0
100.0	GMOREA0178-DNA	250.0	105912.0	253605438.0
96.93618281166353	GMOREA0178-DNA	500.0	88948.0	245835431.0
82.99191242105779	GMOREA0178-DNA	1000.0	37805.0	210472003.0
68.43150303425276	GMOREA0178-DNA	2500.0	13024.0	173546013.0
59.56210213441874	GMOREA0178-DNA	5000.0	6487.0	151052730.0
51.23324090550456	GMOREA0178-DNA	10000.0	3463.0	129930285.0
46.270607178383926	GMOREA0178-DNA	15000.0	2433.0	117344776.0
42.44487730582496	GMOREA0178-DNA	20000.0	1873.0	107642517.0
39.30418992040699	GMOREA0178-DNA	25000.0	1517.0	99677563.0
36.74583350219801	GMOREA0178-DNA	30000.0	1279.0	93189432.0
34.28178105549929	GMOREA0178-DNA	35000.0	1086.0	86940461.0
32.183415167935	GMOREA0178-DNA	40000.0	944.0	81618891.0
29.878865610129385	GMOREA0178-DNA	45000.0	806.0	75774428.0
27.938053520760857	GMOREA0178-DNA	50000.0	702.0	70852423.0
20.72910755170794	GMOREA0178-DNA	75000.0	402.0	52570144.0
14.963549007178623	GMOREA0178-DNA	100000.0	234.0	37948374.0
10.980264153483963	GMOREA0178-DNA	125000.0	144.0	27846547.0
8.43908954349788	GMOREA0178-DNA	150000.0	97.0	21401990.0
4.792184700708193	GMOREA0178-DNA	200000.0	43.0	12153241.0
2.853566176289958	GMOREA0178-DNA	250000.0	21.0	7236799.0
0.4720423226886799	GMOREA0178-DNA	500000.0	2.0	1197125.0
100.0	GMOREA0004	0.0	104650.0	213931795.0
100.0	GMOREA0004	100.0	104650.0	213931795.0
99.97946962488675	GMOREA0004	250.0	104453.0	213887874.0
90.82502907059701	GMOREA0004	500.0	53565.0	194303615.0
79.81771433273862	GMOREA0004	1000.0	18625.0	170755469.0
72.34219111750079	GMOREA0004	2500.0	7619.0	154762948.0
67.81923977219002	GMOREA0004	5000.0	4859.0	145086917.0
61.96613878736444	GMOREA0004	10000.0	3090.0	132565273.0
57.79462561888007	GMOREA0004	15000.0	2359.0	123641080.0
54.01874602136629	GMOREA0004	20000.0	1891.0	115563273.0
50.509479434789014	GMOREA0004	25000.0	1556.0	108055836.0
47.04622751377372	GMOREA0004	30000.0	1285.0	100646839.0
44.011744023369694	GMOREA0004	35000.0	1084.0	94155114.0
41.549369040726276	GMOREA0004	40000.0	943.0	88887311.0
39.11845221510902	GMOREA0004	45000.0	821.0	83686807.0
36.89001487600289	GMOREA0004	50000.0	720.0	78919471.0
28.83487047822882	GMOREA0004	75000.0	435.0	61686956.0
22.41505102128461	GMOREA0004	100000.0	276.0	47952921.0
17.46277966769736	GMOREA0004	125000.0	181.0	37358438.0
13.474614654637943	GMOREA0004	150000.0	118.0	28826485.0
8.676120349478673	GMOREA0004	200000.0	59.0	18560980.0
6.124978290393908	GMOREA0004	250000.0	35.0	13103276.0
1.8281644390446967	GMOREA0004	500000.0	6.0	3911025.0
100.0	GMOREA0006	0.0	94950.0	164705974.0
100.0	GMOREA0006	100.0	94950.0	164705974.0
99.95964627245397	GMOREA0006	250.0	94651.0	164639509.0
90.2042314506455	GMOREA0006	500.0	52912.0	148571758.0
76.9731649199318	GMOREA0006	1000.0	21032.0	126779401.0
64.54145069443565	GMOREA0006	2500.0	7270.0	106303625.0
57.160926051170435	GMOREA0006	5000.0	3719.0	94147460.0
50.776616032154365	GMOREA0006	10000.0	2185.0	83632120.0
46.59792000015737	GMOREA0006	15000.0	1620.0	76749558.0
43.18330190014844	GMOREA0006	20000.0	1295.0	71125478.0
40.27528412539548	GMOREA0006	25000.0	1081.0	66335799.0
37.52941226041989	GMOREA0006	30000.0	917.0	61813184.0
34.66403896193832	GMOREA0006	35000.0	772.0	57093743.0
32.30119327669317	GMOREA0006	40000.0	668.0	53201995.0
30.208483512565245	GMOREA0006	45000.0	587.0	49755177.0
28.17800707095178	GMOREA0006	50000.0	516.0	46410861.0
18.894351093786067	GMOREA0006	75000.0	263.0	31120125.0
13.260063050293489	GMOREA0006	100000.0	154.0	21840116.0
7.793679663373959	GMOREA0006	125000.0	72.0	12836656.0
5.661486814072695	GMOREA0006	150000.0	46.0	9324807.0
2.82271728650231	GMOREA0006	200000.0	19.0	4649184.0
0.7177335292039863	GMOREA0006	250000.0	3.0	1182150.0
0.3298502093190621	GMOREA0006	500000.0	1.0	543283.0
100.0	GMOREA0010	0.0	257066.0	364228784.0
100.0	GMOREA0010	100.0	257066.0	364228784.0
99.95987027757806	GMOREA0010	250.0	256410.0	364082620.0
87.87611360226818	GMOREA0010	500.0	141918.0	320070100.0
72.36067427334353	GMOREA0010	1000.0	58976.0	263558404.0
56.60313985508625	GMOREA0010	2500.0	21017.0	206164928.0
45.93019397390625	GMOREA0010	5000.0	9750.0	167290987.0
36.01574800304635	GMOREA0010	10000.0	4515.0	131179721.0
30.52860835951944	GMOREA0010	15000.0	2868.0	111193979.0
26.270062994252534	GMOREA0010	20000.0	1972.0	95683131.0
23.36652366277565	GMOREA0010	25000.0	1498.0	85107605.0
20.801964404878007	GMOREA0010	30000.0	1157.0	75766742.0
18.823445870219857	GMOREA0010	35000.0	935.0	68560408.0
16.983420783130637	GMOREA0010	40000.0	756.0	61858507.0
15.405830748401259	GMOREA0010	45000.0	621.0	56112470.0
14.346408163062696	GMOREA0010	50000.0	540.0	52253748.0
9.963585415039576	GMOREA0010	75000.0	276.0	36290246.0
7.128289454465521	GMOREA0010	100000.0	156.0	25963282.0
5.421817513467031	GMOREA0010	125000.0	100.0	19747820.0
4.260441700840426	GMOREA0010	150000.0	69.0	15517755.0
2.270660190326968	GMOREA0010	200000.0	27.0	8270398.0
1.4782508238008998	GMOREA0010	250000.0	14.0	5384215.0
0.6089400666367982	GMOREA0010	500000.0	4.0	2217935.0
100.0	GMOREA0011	0.0	182218.0	306126017.0
100.0	GMOREA0011	100.0	182218.0	306126017.0
99.95961499737541	GMOREA0011	250.0	181661.0	306002388.0
90.74123353586114	GMOREA0011	500.0	108348.0	277782524.0
77.16419215685283	GMOREA0011	1000.0	48315.0	236219668.0
61.471183613903676	GMOREA0011	2500.0	16379.0	188179286.0
51.80400919664401	GMOREA0011	5000.0	7747.0	158585550.0
43.319467681833785	GMOREA0011	10000.0	3972.0	132612161.0
38.14168365833473	GMOREA0011	15000.0	2667.0	116761617.0
34.09945747930337	GMOREA0011	20000.0	1953.0	104387311.0
30.716245525776397	GMOREA0011	25000.0	1488.0	94030419.0
27.96301596280201	GMOREA0011	30000.0	1179.0	85602067.0
25.87459105117485	GMOREA0011	35000.0	981.0	79208855.0
24.106067077598308	GMOREA0011	40000.0	837.0	73794943.0
22.344520949357925	GMOREA0011	45000.0	710.0	68402392.0
21.03933720863719	GMOREA0011	50000.0	626.0	64406885.0
15.643243416321587	GMOREA0011	75000.0	357.0	47888038.0
12.088067967120873	GMOREA0011	100000.0	229.0	37004721.0
8.910661781484585	GMOREA0011	125000.0	142.0	27277854.0
6.74677644272228	GMOREA0011	150000.0	93.0	20653638.0
4.201128386941382	GMOREA0011	200000.0	48.0	12860747.0
2.516342804015903	GMOREA0011	250000.0	25.0	7703180.0
100.0	GMOREA0012	0.0	323388.0	465767590.0
100.0	GMOREA0012	100.0	323388.0	465767590.0
99.96455700148651	GMOREA0012	250.0	322646.0	465602508.0
88.45795539359018	GMOREA0012	500.0	183776.0	412008487.0
72.31607334464813	GMOREA0012	1000.0	74078.0	336824832.0
56.24066479163997	GMOREA0012	2500.0	24043.0	261950789.0
46.64091505379325	GMOREA0012	5000.0	10955.0	217238266.0
38.92485906973476	GMOREA0012	10000.0	5715.0	181299378.0
34.24057264267786	GMOREA0012	15000.0	3933.0	159481490.0
30.76264194337781	GMOREA0012	20000.0	2994.0	143282416.0
27.58056115497431	GMOREA0012	25000.0	2329.0	128461315.0
24.81077053901496	GMOREA0012	30000.0	1859.0	115560528.0
22.643828652826617	GMOREA0012	35000.0	1547.0	105467615.0
20.401573239563533	GMOREA0012	40000.0	1267.0	95023916.0
18.284203501578975	GMOREA0012	45000.0	1034.0	85161894.0
16.521114747378622	GMOREA0012	50000.0	860.0	76949998.0
10.415427788781955	GMOREA0012	75000.0	394.0	48511687.0
6.926242334723204	GMOREA0012	100000.0	206.0	32260192.0
5.001395867840439	GMOREA0012	125000.0	125.0	23294881.0
3.6800709984994877	GMOREA0012	150000.0	80.0	17140578.0
1.7197914092734534	GMOREA0012	200000.0	27.0	8010231.0
1.1900853814238126	GMOREA0012	250000.0	16.0	5543032.0
0.10807192488425396	GMOREA0012	500000.0	1.0	503364.0
100.0	GMOREA0023	0.0	119962.0	200590317.0
100.0	GMOREA0023	100.0	119962.0	200590317.0
99.97717935706737	GMOREA0023	250.0	119756.0	200544541.0
91.06211393045459	GMOREA0023	500.0	73581.0	182661783.0
76.42054975166124	GMOREA0023	1000.0	31219.0	153292223.0
59.71514716734806	GMOREA0023	2500.0	8756.0	119782803.0
51.259280376928665	GMOREA0023	5000.0	3752.0	102821153.0
45.09267463792881	GMOREA0023	10000.0	1926.0	90451539.0
41.821478351818946	GMOREA0023	15000.0	1388.0	83889836.0
39.46497078420789	GMOREA0023	20000.0	1115.0	79162910.0
37.615820707836065	GMOREA0023	25000.0	949.0	75453694.0
35.8163400280184	GMOREA0023	30000.0	817.0	71844110.0
34.230145815064446	GMOREA0023	35000.0	719.0	68662358.0
32.73569780539307	GMOREA0023	40000.0	639.0	65664640.0
31.42208205394082	GMOREA0023	45000.0	577.0	63029654.0
29.860521632258052	GMOREA0023	50000.0	511.0	59897315.0
23.986863234280644	GMOREA0023	75000.0	320.0	48115325.0
19.505947537836533	GMOREA0023	100000.0	214.0	39127042.0
15.699207953293179	GMOREA0023	125000.0	146.0	31491091.0
13.154711251590474	GMOREA0023	150000.0	109.0	26387077.0
8.960877209242359	GMOREA0023	200000.0	60.0	17974652.0
6.5417743968169715	GMOREA0023	250000.0	38.0	13122166.0
1.1523736711578156	GMOREA0023	500000.0	4.0	2311550.0
100.0	GMOREA0027	0.0	147303.0	295524790.0
100.0	GMOREA0027	100.0	147303.0	295524790.0
99.95804649755439	GMOREA0027	250.0	146746.0	295400807.0
92.66821575272924	GMOREA0027	500.0	90877.0	273857550.0
81.46029103006892	GMOREA0027	1000.0	43079.0	240735354.0
67.73616622822065	GMOREA0027	2500.0	16339.0	200177163.0
58.38942276213106	GMOREA0027	5000.0	8335.0	172555219.0
49.02423042073729	GMOREA0027	10000.0	4354.0	144878754.0
43.18464992395393	GMOREA0027	15000.0	2936.0	127621346.0
38.708689040943064	GMOREA0027	20000.0	2173.0	114393772.0
35.15528697271048	GMOREA0027	25000.0	1701.0	103892588.0
32.1350919494774	GMOREA0027	30000.0	1374.0	94967163.0
29.248901589609456	GMOREA0027	35000.0	1111.0	86437755.0
26.72804200283841	GMOREA0027	40000.0	912.0	78987990.0
24.827691443414952	GMOREA0027	45000.0	780.0	73371983.0
23.080219429307437	GMOREA0027	50000.0	671.0	68207770.0
16.98389431221658	GMOREA0027	75000.0	373.0	50191618.0
12.715407394418587	GMOREA0027	100000.0	225.0	37577181.0
9.209608439278478	GMOREA0027	125000.0	133.0	27216676.0
7.179464707512355	GMOREA0027	150000.0	89.0	21217098.0
4.853596545995346	GMOREA0027	200000.0	49.0	14343581.0
3.093389898018369	GMOREA0027	250000.0	26.0	9141734.0
0.628721874736803	GMOREA0027	500000.0	3.0	1858029.0
100.0	GMOREA0029	0.0	226988.0	352767575.0
100.0	GMOREA0029	100.0	226988.0	352767575.0
99.97188772239059	GMOREA0029	250.0	226541.0	352668404.0
88.92715777520085	GMOREA0029	500.0	125098.0	313706178.0
74.71963629310319	GMOREA0029	1000.0	51860.0	263586649.0
60.06041598352682	GMOREA0029	2500.0	17318.0	211873673.0
51.05477253684667	GMOREA0029	5000.0	8030.0	180104683.0
43.41886325578535	GMOREA0029	10000.0	4129.0	153167671.0
38.970207224969585	GMOREA0029	15000.0	2834.0	137474255.0
35.66549363274105	GMOREA0029	20000.0	2163.0	125816297.0
32.874934721537265	GMOREA0029	25000.0	1725.0	115972110.0
30.75463639196431	GMOREA0029	30000.0	1452.0	108492385.0
28.764293600396805	GMOREA0029	35000.0	1234.0	101471101.0
26.87478433923526	GMOREA0029	40000.0	1056.0	94805525.0
25.3453810203503	GMOREA0029	45000.0	929.0	89410286.0
23.931960016449924	GMOREA0029	50000.0	824.0	84424195.0
17.417042085004553	GMOREA0029	75000.0	448.0	61441677.0
13.174435887425313	GMOREA0029	100000.0	276.0	46475138.0
9.82236902016859	GMOREA0029	125000.0	170.0	34650133.0
7.862228267436428	GMOREA0029	150000.0	120.0	27735392.0
4.706721699124417	GMOREA0029	200000.0	55.0	16603788.0
2.894167639982218	GMOREA0029	250000.0	26.0	10209685.0
1.1260351805292763	GMOREA0029	500000.0	6.0	3972287.0
100.0	GMOREA0036	0.0	75465.0	136052224.0
100.0	GMOREA0036	100.0	75465.0	136052224.0
99.97264873817866	GMOREA0036	250.0	75297.0	136015012.0
90.86555321580043	GMOREA0036	500.0	42986.0	123624606.0
79.08529227717733	GMOREA0036	1000.0	19580.0	107597299.0
65.12331470597643	GMOREA0036	2500.0	7104.0	88601718.0
55.29130343359915	GMOREA0036	5000.0	3208.0	75225048.0
47.82296906811314	GMOREA0036	10000.0	1727.0	65064213.0
43.089951252836556	GMOREA0036	15000.0	1197.0	58624837.0
39.63324700961889	GMOREA0036	20000.0	923.0	53921914.0
36.72862120945557	GMOREA0036	25000.0	746.0	49970106.0
34.22034100670048	GMOREA0036	30000.0	622.0	46557535.0
31.86172392154354	GMOREA0036	35000.0	524.0	43348584.0
29.966351009447667	GMOREA0036	40000.0	455.0	40769887.0
27.8048332381542	GMOREA0036	45000.0	386.0	37829094.0
26.106807338923034	GMOREA0036	50000.0	337.0	35518892.0
20.084386125139712	GMOREA0036	75000.0	201.0	27325254.0
15.309657121077272	GMOREA0036	100000.0	125.0	20829129.0
11.738092572452178	GMOREA0036	125000.0	82.0	15969936.0
9.133064226866296	GMOREA0036	150000.0	56.0	12425737.0
5.361486042300933	GMOREA0036	200000.0	27.0	7294421.0
2.6866521491041557	GMOREA0036	250000.0	11.0	3655250.0
0.43511085860676557	GMOREA0036	500000.0	1.0	591978.0
100.0	GMOREA0056	0.0	275553.0	312433364.0
100.0	GMOREA0056	100.0	275553.0	312433364.0
99.91863609035046	GMOREA0056	250.0	274410.0	312179156.0
82.32812037321341	GMOREA0056	500.0	131503.0	257220516.0
61.70088384030586	GMOREA0056	1000.0	35114.0	192774147.0
50.82223901029981	GMOREA0056	2500.0	11526.0	158785631.0
44.94673494601556	GMOREA0056	5000.0	6213.0	140428596.0
38.66191704161275	GMOREA0056	10000.0	3401.0	120792728.0
34.68350742464239	GMOREA0056	15000.0	2381.0	108362849.0
31.562658589816934	GMOREA0056	20000.0	1818.0	98612276.0
28.799959405103735	GMOREA0056	25000.0	1432.0	89980682.0
26.632861783609002	GMOREA0056	30000.0	1184.0	83209946.0
24.684668440211784	GMOREA0056	35000.0	996.0	77123140.0
22.880977269764312	GMOREA0056	40000.0	845.0	71487807.0
21.33848643642297	GMOREA0056	45000.0	732.0	66668551.0
19.94880098656813	GMOREA0056	50000.0	640.0	62326710.0
14.01075654647434	GMOREA0056	75000.0	335.0	43774278.0
10.423418479724207	GMOREA0056	100000.0	204.0	32566237.0
8.095201381885706	GMOREA0056	125000.0	139.0	25292110.0
6.144041966017432	GMOREA0056	150000.0	94.0	19196037.0
2.791689366440391	GMOREA0056	200000.0	32.0	8722169.0
1.5728416251985173	GMOREA0056	250000.0	15.0	4914082.0
0.16475001050143928	GMOREA0056	500000.0	1.0	514734.0
